epoch,train_loss,valid_loss,accuracy,time
0,0.37688642740249634,0.3654310703277588,0.8893241286277771,18:02
1,0.26614952087402344,0.36363181471824646,0.8903200030326843,18:00
2,0.21002523601055145,0.30151787400245667,0.909241795539856,18:03
3,0.1575302630662918,0.3156389892101288,0.9085778594017029,18:02
4,0.13002265989780426,0.3176071345806122,0.9107688069343567,18:02
5,0.09472067654132843,0.33991652727127075,0.9086442589759827,18:01
